,x,y,N,t
0,3.0547825929102443,0.7960955752262163,69,4.98675721144836
1,1.7359478275700337,0.590230432139483,62,0.31050059071828917
2,1.9024157487467752,0.6740728611054668,61,3.17270680464015
3,2.1592934605344394,0.5579904473781843,49,8.326288919770239
4,2.6035479386887848,0.995138720943405,68,0.44773661702677636
5,1.7395211708056204,0.5987102373697926,41,2.5857968893973267
6,1.5035044589525697,0.5739833248694381,57,1.7091215783405864
7,1.7132778369363324,0.7268512979493436,27,1.8372780929289902
8,2.7036728327568142,0.9439144325278959,41,4.146816950497317
9,2.138975315430841,0.5576799232704789,47,1.3653550732666255
10,1.844337961930137,0.7143952369779967,50,2.2885477822112907
11,2.6684633031393217,0.5009997534237374,54,7.747785957329519
12,1.3528842430261705,0.7914878732437746,53,1.0492277567006238
13,1.6944903846135446,0.5047560721285924,38,1.6917166835257866
14,1.904627424459775,0.8669614392389939,40,8.908946999506439
15,1.1470219728816047,0.7158337875243863,42,3.227362652710561
16,2.0697538672930884,0.5457638568804414,53,8.52470278531875
17,2.2819946880360207,0.8409092735610034,46,9.023534266173984
18,1.1069300994282045,0.9554572695435777,39,0.32869993924189184
19,2.401983910448518,0.6587034527435442,45,0.3931567634683969
20,2.8100025451971384,0.8911629869556189,40,1.2736309349374522
21,2.010853102163286,0.9474140524014938,44,10.508346699812952
22,2.1000691316947564,0.9136182503141279,48,0.7031317484804513
23,1.5647538484967294,0.9531254245752863,50,4.443948403135943
24,1.098887564204998,0.7813688194392143,34,2.152766363373583
25,3.0553167575430487,0.5039189262661907,44,0.07619713631857855
26,2.151482073246147,0.861163721505626,57,2.5873285156909436
27,1.5774675671571388,0.6122396257776901,53,3.4886320207709574
28,1.8496877279561903,0.5835012879304508,47,13.92967383002874
29,1.6981143546207147,0.8686434460148483,43,1.6545151291375457
30,2.320519311270757,0.8367442507972116,43,4.194327889128296
31,2.298890840154513,0.9687514563023807,48,8.263987199800045
32,1.7107003031039856,0.8378922421110178,53,0.20106330436604763
33,1.6358784004702036,0.5877648442940615,53,3.196392199042873
34,2.9036034610137915,0.901186109448649,51,8.060740275022907
35,1.7142776515184146,0.5612634731817845,57,2.3550735312406528
36,0.7938095549677859,0.8103816527309541,53,4.239768718238391
37,2.2681640283532136,0.7527406804304612,59,9.9896824033885
38,1.1878153778526435,0.9058839440120161,58,0.6622786447227835
39,2.9398188962258374,0.6480924322808121,45,8.904325363987919
40,2.2412113625693855,0.6875895814141542,56,8.129589178831518
41,2.455440302133857,0.9598577183765189,47,24.44052778814391
42,1.0395504810234661,0.9798019099252402,48,3.803586829160299
43,1.36008806685646,0.7714193615070002,45,19.915496110919733
44,2.2027085189238176,0.6541253669527307,44,1.2187642164840051
45,1.998011673914415,0.9100901833523942,49,3.4064231175701094
46,2.0619557354707623,0.9261213291722556,51,7.338098874692686
47,1.9004537249877125,0.7215036686393237,55,1.5634711464999096
48,1.6382340961342017,0.7467053435705227,48,3.4689343004369015
49,3.15341827767501,0.686853074966089,54,4.835861054139093
50,1.7415440889336082,0.5276838507249164,49,5.745574387235367
51,1.814528187733437,0.7914418208553464,43,6.564984440706865
52,2.61157312866115,0.7114454131700316,54,3.648951993154011
53,2.7502550618514285,0.911609031472413,45,2.6223838241333306
54,2.196360807635954,0.6787887120157832,38,8.390769914287722
55,2.77932769109489,0.7879436219067348,50,11.347545693285122
56,2.211813389033654,0.6454990867299614,51,9.610511034284498
57,2.590986045791177,0.6585375694238522,52,2.6079303069905215
58,2.5075941978940923,0.8805688245983601,67,1.2293168900252107
59,2.850457682752729,0.9164117391038907,49,7.106066972969006
60,1.2782088162901193,0.8711357568370465,48,7.222512037078398
61,1.8273053175487475,0.8654524782180526,42,1.5291056805982772
62,1.7574836974109669,0.5000020242345693,41,3.8883298604470893
63,1.5754666790532732,0.5223923536937423,40,2.040890942109517
64,1.8903109726168614,0.5689275933526672,62,4.149480577231542
65,1.8827215246822953,0.9396627887251994,38,0.8716732297339098
66,2.108023875705745,0.8517020622866587,58,2.056212836210943
67,1.692201752459223,0.7045378176972172,51,54.11829610954746
68,2.365779282603355,0.7530770065630525,43,0.6618247815706391
69,2.5760420742265753,0.8743863210093503,40,0.6200669976214108
70,1.489178320125526,0.6180656132330082,56,4.802018727536442
71,1.8737980143785566,0.9734461407238026,48,2.6564086423898727
72,1.3591915433009416,0.6594278517288692,50,9.425329831596024
73,1.481885856157802,0.9303362302340794,66,6.542673998468973
74,2.3739739982997174,0.7474917131095209,41,15.590313446667011
75,0.5836684071956846,0.8450747273083699,47,1.6131602997686838
76,1.54705156073783,0.9612411865116772,42,2.1338963831759044
77,1.996606627111111,0.7174280024535373,38,5.3583641795815895
78,1.8962314835678857,0.7957309180870213,43,24.142119862008986
79,2.1456443485998618,0.7607431603105104,56,2.4641078708450475
80,1.7491668999422056,0.7710264409444822,48,12.998347805159208
81,1.9694003282121832,0.7739071407069954,59,11.7995674154356
82,1.7564723355158787,0.8625053313775397,52,0.22811883749752326
83,1.36820216349942,0.999303542209987,39,3.4301323084281194
84,1.7044460141325868,0.9195186877568402,45,1.401132315274266
85,2.4445026134452528,0.9219349114822325,53,4.027783110123899
86,1.4644933208859672,0.7275589747664035,52,1.0347151739868379
87,1.7846687008179503,0.6583136672487812,45,2.166476318214976
88,1.6524058434737108,0.6632800596560489,42,2.2383311978798885
89,2.636323207361505,0.6772713641387007,42,6.368820299755615
90,2.4733496068685494,0.7674393451044601,52,20.929493867664046
91,1.1724822434653053,0.5445008635882953,45,3.4807605906708843
92,1.7356089440012947,0.7013067157821115,51,3.234452774975616
93,1.222637257136701,0.8644400664492886,47,7.310317055638475
94,1.9378181929222658,0.891165053048037,57,14.264729830872886
95,1.366125477511991,0.9676509822392154,45,8.497387128966288
96,2.4174691052245,0.8355408802556392,43,3.654290709991757
97,0.9297193801846881,0.7868231365449135,44,9.032443404061274
98,2.2040864165426126,0.6969085998587194,50,2.4000646156139913
99,2.0830183080122793,0.7136373728429976,44,14.827422162790025
100,1.4957115872335545,0.5984883132475527,46,0.7518271573821871
101,0.6989532822572617,0.9230497328516062,56,15.69198968703975
102,2.5692861726104597,0.9694085451408316,48,5.9173274598042145
103,1.3463491699791048,0.7304155614145877,53,1.1776801849737069
104,1.7720797817037128,0.7739591755886035,63,4.147214038899595
105,2.4545164508939163,0.674358571383563,51,2.5951647769786863
106,2.2461196221593154,0.8083117473356483,60,2.5814543325347508
107,2.3646721404334428,0.9114352470934457,43,2.1930930209217365
108,1.5796950798293987,0.8070971086085734,43,5.835905828910175
109,2.1865920835100487,0.6604258239471346,50,0.1885202698425471
110,1.8005721683046365,0.6373324412894836,50,9.333684994457133
111,2.2952228623785156,0.9000738934677688,39,2.324452942420932
112,2.118344793771015,0.7955641383069734,45,3.3125270757105523
113,1.3488207528986935,0.9372889843522239,48,0.17619127519404806
114,2.578739052092258,0.8750594657365346,52,3.922058569868815
115,2.0129939433232074,0.9781861220879585,48,5.3445833337666215
116,2.1889029245922575,0.7239500467345195,57,1.145781674611306
117,1.3704174082324525,0.9199032884927547,53,6.835207898840898
118,2.440801311629745,0.8104320441280786,42,4.753003209129117
119,1.4146763438471206,0.8795659861746574,50,1.0255055088088811
120,2.2323956459591745,0.9922068895656272,52,3.530044308924813
121,1.3601154664435695,0.5180991404935187,43,13.299188121678027
122,1.8241449109567014,0.6148618355506613,47,0.9790033002548739
123,1.5594938283130395,0.8061309361138838,59,1.2028499684895524
124,2.325699765173539,0.6500383827240229,64,1.7851499019365535
125,2.7811679260322437,0.7233335440084423,51,0.3802067247902499
126,1.8179003404731005,0.609696902819014,52,1.7947035915431333
127,1.6983989212220625,0.9921627208949455,46,8.93941265352572
128,2.0466481332443602,0.7921455149206091,62,11.858921712835095
129,2.9489841394501477,0.7660376090005886,45,0.8978936808647773
130,1.9236533337020758,0.6066371556304504,67,1.8531912085273756
131,1.8484809016186523,0.5086599061149762,60,0.2437798357473375
132,1.6001778786926157,0.8471198692625597,46,0.8279690100810523
133,2.2873003796460014,0.7699268692145509,42,9.391490152202012
134,0.9214430750961216,0.8036475830060925,50,10.16681113354883
135,1.8197928924217397,0.7267702508478517,48,1.3137853110940227
136,1.7829013721277638,0.7990020130366777,52,13.853983162899691
137,1.781515846792495,0.9463643860994844,45,0.11724337300059867
138,2.0197709395258943,0.6003470227550092,54,4.346383266249799
139,1.7785446225891157,0.7641842728765746,47,12.119507196357217
140,1.9688663903533228,0.7848508387070241,47,1.7188159871652717
141,2.3576116857842253,0.5122057732053958,47,0.13677759667404743
142,0.9727290082010167,0.5393153401667277,52,3.6284500419718175
143,2.018835559118692,0.5768256013742064,49,1.7286303233024423
144,2.61663243974378,0.9000499369515618,55,4.993364528157269
145,1.421446155507204,0.6694622033650615,57,6.160902249617086
146,1.918939651678645,0.7574454777175081,47,4.583549758891337
147,2.368349185159148,0.990907957368337,66,9.361579080605832
148,2.0200750036569515,0.9566844120618956,47,8.870362432696105
149,2.4666230467067862,0.7870088496222762,56,0.5115849345485503
150,1.8289054604168518,0.6681148470385954,42,8.628208299966447
151,2.0245340432603376,0.779621624512919,43,10.143384112413255
152,2.4556253465887306,0.576279097089349,65,2.733430778456174
153,2.084122582233052,0.5107059222533867,42,2.895120062639878
154,1.7109795809955088,0.9122216162142327,52,7.5159121079306415
155,2.1862739208047484,0.6014238005953669,48,5.0976132845443125
156,1.4629041086918502,0.5203751877683183,39,2.0803446660725653
157,2.0427977366423242,0.7047355432617097,60,10.915572826675486
158,1.829785022445271,0.9769540738578524,40,1.3638498280744302
159,1.3120211953818242,0.7889565093691906,48,0.6901707211259247
160,1.827406620815813,0.7749309156969285,38,8.740151668008643
161,2.097095719815028,0.9918414751549566,68,9.452392313402257
162,1.8692983261164904,0.509172459389528,48,3.710869259490628
163,2.2807179186235786,0.9313238974449953,49,1.6196537555942125
164,1.8401989544294715,0.8565680954000604,46,5.735836957763438
165,1.4792057320465912,0.897888391402932,47,1.118510155112727
166,2.1293819056217878,0.6965178547566793,58,0.5838870989753193
167,1.9842594364410238,0.9262420143595518,59,4.684773129815831
168,1.6965793714434978,0.7875942817764612,52,5.477251148230513
169,1.1485090584538886,0.8232760958129666,38,10.438961904972835
170,2.658020781301351,0.8591621341221898,45,0.3393539616952918
171,0.9996863634012043,0.5069613821310444,51,2.4743606017997317
172,1.5712223290825924,0.7475070457554926,48,0.5661165853993038
173,2.137708407695866,0.718750732626999,57,2.1149278822674304
174,2.4093113791929093,0.8762983851415164,40,0.7620066028616235
175,2.443567932543194,0.6195812094374844,59,7.56555469518174
176,2.502970220397977,0.5327309163682894,68,4.811738392313068
177,2.0252233920010196,0.9630270188486454,50,0.617650667739671
178,1.604274664854805,0.83881077359619,43,3.1267701716107816
179,2.2409871780118973,0.7701392702341994,48,1.7186482786374269
180,1.3602668308544887,0.569443383842398,44,2.0140622145769562
181,1.894427814446785,0.8571920959575994,50,0.5339980599224472
182,1.4521864432785876,0.6251966156459396,44,10.984351094005046
183,2.4770638741070834,0.6086712898048081,40,0.3666804417970416
184,1.5685148406565717,0.8264609057963894,47,2.447307468020974
185,1.6289030765322932,0.7647621974911547,44,5.034309387659786
186,1.7307967534742421,0.8062273313869063,56,1.5279428264516761
187,2.7215967171250033,0.577796184419459,39,4.203983569843987
188,2.104920873820878,0.9460334903154031,58,2.8686143776186404
189,2.4516527442604894,0.5841883187045014,40,5.519105921826356
190,1.7940528569990966,0.6385271790100163,44,0.7993247637931967
191,1.328990807398575,0.679975088514644,49,8.914271453935966
192,1.5102913238440918,0.7316936850651814,53,5.424945429762613
193,2.0740151856810214,0.7096130244560889,60,5.054602396272383
194,1.6431317448983942,0.68927682349064,49,4.286144101106124
195,2.2142935344235317,0.5544298209902361,56,2.2879357166693586
196,2.1099991128598763,0.5279363741028194,45,3.1145872599366564
197,1.9811683427325963,0.9899100911768095,49,1.0014066502785315
198,1.8640645192330882,0.5768875085986855,57,4.246854869386843
199,1.3092895152783606,0.7199956442390112,38,0.8208161001772398
200,2.890601710463389,0.8974073248894444,44,9.483038103124349
201,2.025603676041373,0.857553434196482,50,0.24737073524358197
202,1.7663465990990044,0.6209164669534442,50,1.5026093966886835
203,1.812938270538608,0.7508133676474011,52,2.803799566294687
204,3.0910632777454663,0.7802517103614601,45,7.965465841510174
205,1.6692815579682296,0.9294750320898082,48,0.5623505837301058
206,2.4939391650584035,0.7346529366744792,60,3.7395028330742845
207,2.2257389041348183,0.8748298626822589,45,1.122863484150528
208,2.0730777645065994,0.824544764983075,53,3.6669247260374482
209,2.8068634126984824,0.6552692008013024,51,14.79217302012529
210,2.2068930312221164,0.8422037200758905,54,5.586339358856767
211,1.5273788933983097,0.6082066031382941,37,2.6107688993397167
212,1.2410991800952789,0.8460449380215034,49,1.345237183081904
213,1.532228310136228,0.6346136468718522,52,0.5454549789573544
214,2.066014429534745,0.5672809935232707,54,5.41921621515029
215,2.281712251690616,0.8678372704160304,60,18.21512511564107
216,2.7284390769722684,0.924323351827885,47,0.6337620422928729
217,2.0273754364614436,0.6949497591368823,43,3.773860741886706
218,1.406412576283934,0.6719272866499619,43,5.454008134296654
219,2.3573864291972315,0.6984033627250292,45,13.919128639632554
220,1.3592650481866493,0.9485701694231325,58,6.469020194526381
221,1.9901257596186976,0.5459553414490985,50,18.501873969539723
222,1.9740691933709307,0.651547278750074,52,0.5304201753028449
223,2.430631069697282,0.9546777569960683,63,4.239884487513223
224,1.0160307397918291,0.986057353909171,44,3.8768661923614656
225,2.3879973288888583,0.6554536858102955,49,2.679663024830015
226,1.9907586351802526,0.8135514522967915,47,0.12411669895179485
227,1.5119021069401009,0.6949709863135175,50,12.683080620046354
228,1.8146639439874528,0.6401026193794137,50,2.1926210217767803
229,1.8687531194508504,0.8411136386698408,57,6.223715453374814
230,1.6335100790093828,0.6010460762307952,45,10.18839079700047
231,1.0145703818683502,0.8848901710122369,53,9.60739000798358
232,3.117658028885397,0.6267688566326963,60,15.629749411211973
233,2.0914760035264335,0.9356824017029246,38,6.780051336499286
234,1.3773734022362167,0.622232603070515,55,0.9840689739417054
235,1.0434633563558868,0.6515690540797314,52,18.896013776276796
236,1.474550695356951,0.6432881360703148,50,0.522961138077722
237,2.8422487412984325,0.6779028754413499,50,19.43127193782994
238,0.9249546916434832,0.9680572215272715,52,7.751232681402525
239,2.1236060596846134,0.7313148891777191,50,1.066455297474582
240,2.2241465893416033,0.7193112846850269,54,3.9300388176661363
241,0.9668647258673311,0.7150386560453618,64,1.057605796348793
242,2.068684566323873,0.778272308209848,40,2.3032045682584226
243,1.9051154858603023,0.8338534536848967,61,10.401377889945113
244,2.519179349999834,0.6928830362426607,55,12.69457555316676
245,2.178787685952327,0.6865528234244205,50,1.1153055148919713
246,1.4087246001361802,0.8451862681835949,43,5.702923032169042
247,0.7797433343541333,0.5133418204595785,55,1.0567542755496633
248,1.9780613746822602,0.7957270136950154,53,10.548585223480508
249,1.9188491086147723,0.943741938510759,37,3.7583166775571613
250,2.8868851230593897,0.5078651971107493,42,1.556019947909876
251,2.9064424449560256,0.5701467383929274,43,23.44046584323229
252,2.3586271740878253,0.9730080950254003,47,4.151582029280584
253,2.997471913444339,0.9297112968702195,55,9.428892475410874
254,1.8319872280826666,0.9786903135761755,58,10.35285649781273
255,2.1796628747466222,0.8111982556242396,43,1.5092527019182391
256,1.7790533492468796,0.6842509098819898,36,0.7269657451731761
257,2.427083105617733,0.9543142313060244,37,1.3468084864946397
258,2.031168231436317,0.9445578707003288,42,2.261981682502409
259,2.0013620295133934,0.8599967005631417,56,0.84426837432625
260,1.8302356223904388,0.6494889705407563,59,0.4723957901005322
261,1.7918201887245866,0.6893847852986739,55,5.2412719172328845
262,1.9328032356908997,0.8775365421437127,50,2.011591412529479
263,1.1630059702372368,0.7215797424275283,43,1.600445667429493
264,2.6520600882808427,0.6680074558392536,43,0.19622660798128685
265,2.1453728182267504,0.554078341917651,56,4.023060399254031
266,2.168017083489705,0.6592778228812434,60,14.121870232866785
267,2.469127011829177,0.5443141257651154,51,0.15087707390717178
268,2.4556346603964028,0.5780752843183136,52,7.659311670057142
269,1.8887781105851515,0.7939864649378676,50,2.4946229537046065
270,1.6755243284949608,0.5776090363634071,51,2.300167402928939
271,2.5599321655844296,0.9439762176905451,58,2.703479042589359
272,1.6922374187567257,0.6139545677993794,35,5.478641054144921
273,2.32887181743181,0.9961822806811358,45,2.2740451073430625
274,2.3419188228870578,0.6158902196515295,40,10.945871872424197
275,2.038912279459791,0.6082769696813477,41,1.3731234485305635
276,2.0344459435427837,0.9244304108447381,50,6.654539565666539
277,1.787607611793095,0.5314010015834854,44,5.64420027001471
278,1.6837111037667682,0.5274578772972534,45,18.952790706522926
279,1.266205912608861,0.8155496666483844,52,8.700177668636499
280,2.099445836504218,0.8664543258998094,44,16.487227997122037
281,2.3114337723286167,0.6045512300190807,50,2.0283069914989165
282,1.993761549033869,0.6930873430725151,57,0.491651106723483
283,2.0183685999691248,0.5164048206771414,35,0.8696519640866545
284,2.409754252405284,0.9800502820376769,43,0.9366140110254395
285,2.6039213035074824,0.6340677428298409,49,19.22780438286967
286,1.23903500725803,0.8601861229151079,44,5.083722634998942
287,2.166342699344988,0.592078100723381,54,0.35809391190512074
288,1.8013486487961072,0.5401660475327184,50,1.2206852439563243
289,2.7689138841030374,0.9342132736615361,53,1.0059706705574032
290,2.287552808908862,0.5281304483317162,55,4.645115497347527
291,1.676398108628113,0.6550606375616767,50,0.4657817884110696
292,1.880451365245324,0.520781850661639,50,5.598047534807065
293,1.8276344285879138,0.7485513199297122,49,4.324443926615455
294,1.3235146235465671,0.8854285874543761,45,2.4089194142772037
295,1.8854455039301825,0.9114252473085702,56,1.258118699253993
296,2.2847791133975064,0.5175111386517645,57,9.087959465727629
297,2.017650086103854,0.6170029493893783,40,2.6366558326052125
298,2.0593192113922583,0.6242093542348195,54,2.281735606219594
299,2.2930955629114367,0.5035986857388424,46,2.9690009479245996
300,1.0090299719942877,0.8615311403678005,53,9.730512560912059
301,2.6272524859227593,0.6971322263009254,44,4.169852654433294
302,1.8114926207659963,0.7348024320231659,60,1.0312091789783722
303,2.6266060123709014,0.7961028023141691,51,5.841025790604455
304,2.246012889745469,0.5472809371761969,34,7.804809378835603
305,1.6697659545159016,0.9804350771782553,55,0.6718023394030925
306,1.238087767797851,0.7295082192158592,51,3.6287680756987433
307,2.565909973422313,0.8843554922475532,50,0.7636141349829112
308,1.7879427893444118,0.8505904555088096,42,5.1141541393450645
309,1.7173933318477075,0.7475066303156792,49,11.878912451154855
310,2.6026286574826987,0.7881940406179109,48,0.007630523698348942
311,2.2266144440869104,0.5975422141073807,47,1.3927569867382816
312,2.883137212196278,0.6649784493217792,48,2.704241288231441
313,1.5166795310269545,0.7831164915725222,42,0.32421848384806223
314,2.0668788464919854,0.5459509822648525,43,1.2689304813683528
315,1.715250521216902,0.9410566133056328,64,7.65018161010407
316,1.4995531997947782,0.8292126333201577,65,1.4440367738325097
317,2.8655922284067294,0.6111893631341677,57,1.9381364257989897
318,1.2348956002419622,0.7185502872086618,56,11.393477660599682
319,2.1078463880456977,0.6131371058958919,41,0.05647128968917706
320,2.5161957519179627,0.5540964817195915,56,6.598815711397185
321,2.4341072162682966,0.5785845514712888,37,3.0301186597121426
322,1.4423508231712048,0.5637054719921999,50,2.1616885503796617
323,1.832489910781623,0.7909908362872164,55,1.6876549846960012
324,1.7120376946168934,0.8050861348770693,59,0.9693579125420877
325,2.268002907363462,0.8821170037517447,59,3.600534346035586
326,1.8364935886873135,0.5454918384084635,59,1.2630985047768741
327,1.3737498418602014,0.7380912422674093,57,0.7189012020265318
328,1.7694709894857672,0.7538802053926266,46,2.5977538948692214
329,2.566766549688526,0.7285760735911677,31,12.750127717050981
330,2.5243150033880766,0.7770063581835609,59,2.054504261320939
331,2.609135803460207,0.8638395453625078,56,4.1829251904266425
332,1.8581949856747744,0.8609063149108271,56,17.09014617758488
333,2.587958573729492,0.8301869458957183,55,2.966730336871852
334,2.0209694097325555,0.5955926620007288,46,1.2750892001747192
335,2.364179168524327,0.7610002262941937,54,4.652223032462915
336,1.2104535250304576,0.6691907666581647,52,0.8423053016318406
337,1.6066397400037755,0.7644805458683883,48,0.465961240006289
338,1.2189872684849927,0.5346640121275044,52,8.983393112629315
339,1.6624739407841742,0.7252123511326554,55,12.684066662031574
340,1.8519547052629206,0.7949565481545184,55,0.9104389098409189
341,1.9444578267831667,0.8180183597520101,49,5.063466070585032
342,1.480543731276054,0.6548446558608536,37,1.3608496183368277
343,1.7445552060104756,0.7867244410590807,35,5.308996996341637
344,2.4126767708155694,0.6114488441074925,56,0.3615160042530466
345,1.7575024430487056,0.9155628622254259,42,0.6473382488328011
346,2.038912347633207,0.9320185140610433,47,1.9110465752808343
347,2.753320039656504,0.8043734785728593,44,0.5270979837403005
348,1.5023504185022554,0.6126351919389779,65,1.1257226888060294
349,1.4037785187143,0.8278683343021336,60,3.056195638640948
350,1.5513590071938066,0.9239372302585114,46,3.382883255705016
351,2.4737358018602382,0.7231976673980428,53,0.35282780920989854
352,1.824411449688725,0.8125766640829448,35,9.652358525265704
353,1.7457934402842574,0.6215553312993893,57,7.829410917437737
354,1.426734496781824,0.6640536682919758,37,1.0869159066862033
355,1.2783890773629973,0.7207596151977776,53,13.297410968675955
356,2.3726049277748373,0.5180101536980488,38,4.24632323350826
357,1.6104982729025505,0.6846474270912726,45,3.7672973376685803
358,2.698795790931598,0.8370847229363769,39,10.925806185220779
359,2.2767678587524895,0.9436676011666199,48,25.701185490809255
360,2.538571897992244,0.5057560862899972,52,14.181887455538531
361,1.805056626810513,0.8106520192870919,56,3.7500627239046036
362,1.3334000345108987,0.8575895903665164,60,2.1138068320166066
363,1.0343098329212332,0.7031717932621993,46,10.608780312218133
364,1.9540725743104306,0.6388805378658535,57,5.429857006751079
365,2.124688250481295,0.8181927405008307,61,6.182218474019877
366,2.537024424781387,0.648343570592572,47,3.106215796146317
367,1.7231938214957319,0.6125062587589558,58,2.413220432502828
368,2.0481798392266284,0.506641214778639,59,1.046553679138714
369,1.7294317112585138,0.8431177391278586,35,1.8649468354023016
370,2.478134205436963,0.8373882311304436,55,0.6432399746852497
371,2.148210894745441,0.6162449852204073,51,5.611600247470022
372,1.597694368888385,0.5884201523623969,54,2.894623651240188
373,1.7322140880490076,0.8177078248796309,36,2.123306009475003
374,1.9956545934556562,0.9167947406848274,59,6.445390394634966
375,2.602467078595029,0.5093425383717486,55,11.523509437260735
376,2.3174425012518505,0.6537568322839162,43,4.035351565481688
377,1.983096467576486,0.6003831568925486,46,1.8632991175670015
378,2.1246734958704288,0.8743000966058667,48,1.120079239611131
379,2.442698601939051,0.6238099811479771,51,2.0287445327713574
380,2.022347682885557,0.690929061206984,50,3.1592521311382553
381,1.612342077315724,0.7413333886202225,54,6.239898817383731
382,1.510630089145673,0.8039374449769767,59,11.047560241942168
383,1.8262181798024386,0.7474531337692969,48,4.428593069384881
384,2.2785759452990684,0.9555199541775746,52,0.7347401722805924
385,2.6427172844348075,0.7016016303874167,65,2.7583524077045003
386,1.8993008931601048,0.5131645582467527,40,4.949532799957032
387,1.7854621530507484,0.9383377355720617,53,1.1428696052214407
388,2.0369227930322524,0.9578488137088821,47,35.257204832828165
389,2.4200093194410184,0.9579904381664446,40,7.878394380327726
390,2.300756556166216,0.7812919320229477,64,12.9457407102052
391,2.640718719335828,0.9623562200057947,50,10.432098302778936
392,1.7169483981376732,0.6745923176476158,40,6.788657583586231
393,1.431124550667505,0.6200841771351895,52,3.805702146627169
394,0.9167807032910917,0.8817408035351393,54,2.99845181026594
395,2.7092775080875677,0.7450612280004488,36,0.9351649845498194
396,1.3686749150873347,0.5867125147508805,51,10.069648555865719
397,1.6391318535113988,0.9818248068338589,55,1.1761730325121014
398,1.6883610571221834,0.9189602832084629,32,1.7684109330387483
399,1.9854028133865294,0.8000628011834645,41,5.490588468284892
400,1.7203626027671888,0.9607777541751445,55,2.6408480818875413
401,1.7592625384225866,0.9840045047489502,50,3.5666730184664726
402,1.5809328700945926,0.8626668438208162,37,0.16140922643094863
403,1.7453785718188182,0.8073724251741448,46,4.386882166019566
404,1.5709148893122218,0.5715586356240969,53,2.042905186842305
405,2.106096594966353,0.514862489771673,45,1.2584409447802347
406,2.414428913411561,0.8215268915499035,43,8.91693149806714
407,1.821721332184378,0.9194674218340178,44,8.10002821344433
408,2.420493544385687,0.5235709111277134,55,5.586891240163487
409,1.2783690128143002,0.8517910086697438,58,4.163878081271623
410,2.3961321587592805,0.9735296905970987,47,1.9587765199229064
411,2.627470714526971,0.9404764782190548,39,1.1024077550467328
412,1.8280745505181746,0.5559152961608642,65,2.229584527841164
413,1.5150978386260654,0.7199158399171579,53,3.489831034573396
414,2.600283421180305,0.9662963807122971,51,6.778375985361208
415,1.5199814108121397,0.7559181132539623,61,13.873095537955821
416,1.600336387055298,0.5681299948848556,48,3.7244658607584284
417,1.8799616179346221,0.564897857135586,55,29.89104512180605
418,2.2077857273392514,0.57708744449636,41,9.736567578282626
419,2.791190672623948,0.7391607995431804,48,0.867244340557803
420,1.9986899194217542,0.9178939965531541,49,3.9007269579980375
421,2.084759016043122,0.7015079989701312,70,0.7778339785946946
422,2.7014399083325076,0.638662653247408,43,0.6688413055780975
423,1.8113753739897667,0.9875490867065375,47,1.2535143212074646
424,2.1167299941849262,0.8459757272708806,50,3.1034873173512056
425,3.0563908518549034,0.867179239567383,43,0.21527478280412526
426,1.9503673393564067,0.8992756463759635,42,2.647727108859149
427,1.6567540536530545,0.7255633993026291,60,1.4123891968277078
428,1.2376955491938841,0.641907035377314,63,7.538249103631374
429,2.3367489560719923,0.5766350938895868,46,0.6751756108767194
430,2.317018333727275,0.5077474224355614,42,1.9224773735527219
431,1.2551145356145947,0.8750513358210351,54,11.560485325360903
432,3.1391690516685307,0.5937696607231732,58,4.40455336991229
433,1.740688980378248,0.8714951815254046,61,0.22230016793135604
434,1.873468362428183,0.5252658537506417,43,0.32294485336383083
435,1.4423988085917836,0.9744452688640624,53,7.245487841111123
436,2.488311155474947,0.5169939631669049,42,6.560043462677319
437,2.364567339315772,0.5647795700531346,56,9.15679359539957
438,2.908868471937342,0.9625775162624017,48,13.81518908018766
439,1.8447567660704138,0.9045084410645812,53,1.207170687458656
440,1.8771801270603876,0.7400699819204094,44,0.7421723549902316
441,2.0965642067471206,0.9242244854069821,60,0.907486720017459
442,2.9305029450326465,0.9466304273929911,46,11.164562235454694
443,1.9730796244272073,0.7909011086659512,44,12.050213936784653
444,1.9229133631826096,0.5470868782433448,52,0.3776668103833055
445,2.6684875011025873,0.5699295970682389,53,1.2553898179096767
446,2.0925009485218142,0.8078135093093717,49,5.930468744393491
447,3.246287521685993,0.5681783354472658,48,1.9032640913485865
448,1.5794329671305587,0.9537603827712946,44,2.3300744032671354
449,1.9339775016704333,0.8818646884715993,44,3.8619813313080225
450,2.9328607537677778,0.8778326273420123,56,6.214854781091239
451,1.5478726789956148,0.562185375417549,54,3.6942107643363755
452,1.8356735723504896,0.8086502080400785,53,0.07316801209688424
453,2.618373716740122,0.5866095498970594,41,3.359595545650344
454,1.886441714102975,0.829192815869372,41,3.6112874983808183
455,1.4748181593603693,0.7452361290804019,50,2.944627232505907
456,1.0273456589842827,0.7219177903170062,54,1.5521429106987126
457,2.161253820021724,0.5586325922779788,37,5.448883414910835
458,1.9253747456072192,0.640238494805559,47,2.7552209338568776
459,2.243691044219847,0.6420561609696823,61,7.215580041637207
460,1.788180272080541,0.9868401040333937,50,1.2652361981198779
461,2.578509592023819,0.636909142654088,49,5.719883330814786
462,2.2061728391388997,0.9310086632638499,65,0.793064838149703
463,2.3263426347614233,0.7196231048984241,40,7.828306205513911
464,1.200055102121731,0.6763452127408902,47,1.3943188108999602
465,1.5789528227445797,0.591845092927028,57,0.8631076299991863
466,1.8325795051260791,0.8607809077650965,41,0.05526249525910849
467,1.8404519684538574,0.5170990197859722,53,0.5905952669745387
468,1.303083785460091,0.6144187531795535,50,6.862014430008627
469,2.0633321083987526,0.674757386084547,50,3.0690332829323963
470,1.9417359729229116,0.736148213702734,52,16.142785857784354
471,1.5859352250130838,0.6872439232509251,43,7.147179147308425
472,1.3032494304281208,0.7952743742078714,44,0.8894880098114634
473,1.622827493695534,0.967808416312623,46,3.0720383674870004
474,2.7975551951802795,0.888917208297578,65,3.398623529079943
475,2.0460913014047493,0.7677023809501824,49,0.7558642247567088
476,1.7472806811246333,0.5769901092997622,64,5.056342452299346
477,2.4029890907683273,0.6590806264209704,52,9.6774309352177
478,2.704048516401626,0.9909759712029788,53,2.230657999372065
479,2.675407998994273,0.8292581018131988,49,7.500760034090393
480,2.2313906983431897,0.7423755600168462,58,4.451912603964448
481,2.3027924605532504,0.5374639655677723,50,1.329934833107739
482,1.7861120432864739,0.6245088458404506,48,0.10389004834043161
483,1.9049639616193295,0.7278080341609134,57,1.3170266452506092
484,2.7497729131577766,0.5190211078331,48,3.1770673472656172
485,1.8490134840458012,0.7020291144948747,44,6.031360382463882
486,1.4918657481987925,0.8639318433632337,52,2.9356103886908964
487,1.829189757885205,0.6532983521430613,58,1.8454689136314617
488,1.9079402775843757,0.8700555361216599,47,4.702830999725221
489,2.88777046653854,0.6614404864153085,68,4.146827085217312
490,2.2429047943709963,0.7744298029992216,43,1.2534956792773058
491,1.4509572767002008,0.5814340911230516,48,2.077636576393243
492,1.5004173217333583,0.7530323209595213,49,2.0341110616674882
493,1.8914592884682426,0.9800419889434324,64,0.15012011443674722
494,2.1114951923554064,0.5861243829235144,44,1.8359571695356727
495,2.12004356614514,0.995061901953711,48,0.10939054453393504
496,2.236188534672058,0.688561003778474,52,7.927750954131377
497,1.6504958762686601,0.6619308619416645,51,1.7914419999334263
498,2.9363293152788947,0.6667156503679401,46,2.8498558591516114
499,2.011792159258099,0.6136215575026356,42,0.9323134094272879
500,2.116034657110562,0.5984287866957498,57,1.5529164560233233
501,1.2497173840579492,0.6780396609718985,60,0.25168886650995476
502,1.4745411041725207,0.8562579906386941,53,0.4333284612839682
503,2.7633114150322617,0.6473169790282429,59,2.006538381032221
504,2.821963248017688,0.8955592108607398,45,16.799933320252343
505,2.602649505561541,0.5848433414038228,39,2.5339372559946343
506,2.0976619201584024,0.7201346594873432,35,2.060736040807135
507,2.427669437831692,0.8967528899123354,50,1.483476259049915
508,1.1467630063319092,0.52775799779916,61,13.89999277633833
509,1.822894194672595,0.9227820798013443,45,4.181285834959251
510,1.6964082275086338,0.6648235840693903,51,5.412624373417483
511,2.1746066016405776,0.7925511037149939,40,2.4570168070684915
512,1.574219966392914,0.8438216560251649,60,1.0813444146381
513,2.9242834797278707,0.8941512743231192,49,2.707384824266923
514,1.6233890432749543,0.8184208619423283,65,0.6420106471108388
515,2.2042180388849797,0.9597342711259342,49,1.8342479568028538
516,1.990432332953007,0.7056695225664815,56,7.579614963049717
517,1.9547523349663847,0.5775264912748008,46,1.003601012481964
518,2.8545038516705024,0.7234093419955276,58,5.53433728633803
519,1.8719007513134165,0.9055407293037478,62,0.2063864328501441
520,2.2819374241442216,0.5388547644491345,46,1.7143100205508663
521,1.9428735390027563,0.8756043184759046,45,5.479158416147883
522,1.5091000152605545,0.5060458117505233,50,1.7850270365158647
523,1.7922117894917218,0.9763077558156423,49,9.40713395901235
524,1.8260402455308764,0.9700532477117398,41,1.582887966853819
525,2.09925195348163,0.6097756475191994,50,0.8770439235524025
526,2.020606491779673,0.8176136414423507,51,0.7679631344986403
527,1.5087437993317003,0.8026570927648127,49,6.461872424435414
528,1.498913440231231,0.7042388374325016,51,5.491113712255528
529,2.33871014062915,0.5900003937426539,45,1.896212813906555
530,2.4356672665542187,0.878475166023462,60,1.8487285059701533
531,1.5193706438892947,0.577077135484168,52,1.3649549326228896
532,2.36380000788017,0.8221306982040985,45,5.101174063669812
533,1.2568699707665139,0.6271395867325851,53,2.4427332617935176
534,1.7140006857834398,0.8595381373629993,44,3.2142800507011042
535,1.5490249853395903,0.94268476432039,43,1.0910111906033997
536,2.2214830594103763,0.5289561175694837,43,0.9043582113735384
537,1.6933597258606938,0.5661427610462356,38,35.816200976044385
538,2.1742763836001626,0.8086664052836687,55,7.234761941720153
539,0.48474042037605036,0.6258567906093215,52,17.478513556509018
540,3.1630349628900567,0.8001207007653222,45,4.891280867382415
541,2.310013144871742,0.9525969950344155,50,5.894649820987073
542,1.5363004497463384,0.9469945450753358,55,3.0539472345942036
543,2.9524057128839196,0.7044915445608357,53,9.998443324872406
544,1.547867190556467,0.5812771998532567,51,5.065631568875695
545,1.9652568902130862,0.808655724653475,55,4.175880544507715
546,2.1397910485737413,0.9503082026957639,49,1.8306077944971586
547,1.79185789047486,0.6053355187363594,35,0.39435185280690355
548,1.5625480700604046,0.5528624150323347,53,7.497988649162021
549,2.0275627795259843,0.9690444577856587,48,2.2235001623319675
550,2.0629041254943563,0.5371706381028558,43,0.13601261889239746
551,1.6204796225997646,0.7173618908962378,59,2.2440297579862336
552,1.2574349321084624,0.9717288981986891,37,5.976797527157559
553,1.7930594313829515,0.9479396443881847,39,0.3556805646979917
554,2.244687172174587,0.7286912790788297,53,1.0501974504552807
555,2.283378300437919,0.772188568107048,55,3.290445959992808
556,2.164162410813069,0.5844490898614583,46,2.0914844113339455
557,2.0256848645860566,0.9103900458184976,50,3.982984459341301
558,1.0927175407589471,0.8819770525285389,53,8.278755631247265
559,1.2789530188087448,0.5219771856884936,41,0.3406715497005347
560,1.6098852686528327,0.8121554331592509,53,0.6254265768431534
561,1.2276388681693973,0.5533968884031246,36,3.593594036816032
562,1.3379505338362212,0.5831544142247904,49,4.93528325900869
563,1.6965585676621482,0.8815642980398299,39,0.5941306539838208
564,2.5520405976024274,0.8810660345371775,67,5.578160334757319
565,1.325913913420079,0.7518244535699918,49,11.410218772389214
566,2.5245378147187534,0.8616064734659377,43,9.133461764629866
567,2.0693908890783748,0.6664604124637088,57,2.404301052856495
568,1.852752858802323,0.6677874136187193,46,4.163279262101364
569,1.7917025514937068,0.9685798371202285,43,1.5278296252290868
570,2.6042607330378402,0.7470471200614056,60,3.70169534708276
571,1.4789894492884312,0.7751977598843388,53,6.704372142907453
572,3.136251546403263,0.7085937743006421,52,1.1359702974202788
573,1.5753033762898965,0.7317319470763186,47,0.31726199026407687
574,2.3399168761495743,0.7226665243729866,44,1.0981624940409225
575,1.4881013175404298,0.8488623748478185,42,11.764788313558846
576,2.2620797061462943,0.9780286660604594,55,0.927955337976053
577,1.6889294324172628,0.8909507538945329,54,6.347601814987536
578,1.7593511157877895,0.5741431206608569,44,3.227365312570167
579,2.634792853245086,0.9785823407619398,57,3.512263177225525
580,1.7996910560937887,0.7577987071865617,49,2.0287464794130767
581,1.4075176819465538,0.8679216466157458,53,1.266727614618135
582,2.241113348795343,0.7723259654282322,42,19.828193041396528
583,1.6633635418525663,0.6347563980314486,47,8.520369675967919
584,1.800379332797086,0.5653574687248166,52,7.316887905891839
585,2.23086268432321,0.7850097887765175,41,0.30306686069906946
586,2.502955153729382,0.9193892463966222,51,1.7702898231206188
587,2.219464255059779,0.5081951706821414,46,2.0202172809913534
588,1.6254809385746964,0.8964777043824936,48,0.709101253984043
589,2.996315888500928,0.9556547090202192,43,1.9982424898357476
590,1.7493601282243962,0.9928220787841695,35,13.344693171262211
591,1.711368957109383,0.9243453163764462,53,24.05637450908713
592,2.4629224942908134,0.9966470764408086,40,16.669384605953958
593,2.078355289826652,0.67954759824896,40,5.410134947610495
594,1.8355169759692536,0.54820333969345,48,1.2193199788479505
595,1.437034554446055,0.9661143714251372,55,5.123638973643839
596,3.197226032363418,0.6843874978721509,70,4.139600723631511
597,1.846566313085029,0.5725256095430948,55,3.0689236927714876
598,0.8512350957238339,0.8029708470971988,54,4.868775644057552
599,1.7037533493712398,0.6213633485479452,53,7.104948116866604
600,1.8781117542895935,0.6932065657861173,46,10.388463905629076
601,1.408857620057756,0.8385097100413714,47,1.82229958241823
602,0.6487215045949513,0.9486785509900251,51,3.1801917680257064
603,3.0158848906342284,0.5190385480253946,47,1.792587459253334
604,2.4267205019862983,0.5370835288396272,45,0.3214632976234596
605,2.2868012207078827,0.9061314865209742,51,2.0015957182070228
606,2.1057692987275547,0.6108509003097706,53,11.84214197337715
607,1.6592394709689642,0.7360239590724997,63,5.113835101431178
608,2.014459536615093,0.658221254682305,55,1.7251848320771137
609,2.05214327645139,0.5967796977870509,52,5.322337544799119
610,2.1066947538055265,0.8532168068702202,38,0.1056365195547223
611,2.3333976303230175,0.5452204117854146,52,2.218609740596173
612,2.8193005911569946,0.8288987611226522,43,3.6226112430673103
613,2.1695706148122014,0.5792795361238298,50,2.167481451399318
614,1.7927626936920287,0.600190217542135,43,10.929039938690268
615,1.9955752077069129,0.6055260412517168,49,6.142904991220628
616,1.2024524210408838,0.8894792978161683,46,9.42852926072831
617,2.690842086823402,0.9286543609850126,59,1.6762947314081074
618,2.4899460719451807,0.9449188386758548,46,14.645653601383756
619,1.5203509906498451,0.6459030616245907,60,12.896601528620202
620,2.0494642344356815,0.8533664308970621,53,10.01670583316567
621,2.2340251017894395,0.9630947681765081,54,1.581459876164355
622,2.0631843529742238,0.7547630106615829,66,4.037884329322773
623,1.739914208953802,0.9553324371589119,53,18.643583103828124
624,1.9914664831297517,0.5445899619466752,53,1.2233048706939096
625,2.513406471265338,0.6207231246712804,56,6.874762066989819
626,1.2025502775641415,0.9941397878014024,39,0.8034645414238974
627,2.1970625020287375,0.8519970402403165,41,4.756616207762617
628,3.0314259636718663,0.9261529929103436,65,4.010288640812918
629,2.1295868193845773,0.6321866494154385,58,0.09661471567436888
630,1.891563125123214,0.8693094425634667,52,2.0734099241956994
631,1.2704578994986997,0.6753126324726194,46,0.6272654880336654
632,1.580931763419799,0.6398236688059471,54,15.643139258297667
633,2.0715059808848233,0.6849717943137734,53,7.400318877979203
634,2.267110211354472,0.6277511304877013,48,10.41156761800436
635,2.08931692502249,0.9671833003127521,46,0.5503340709400129
636,1.5958571074430896,0.693066730730248,63,1.5959666946461484
637,1.7761627365377322,0.7962790458771196,53,7.286880286721569
638,2.3577007209681446,0.861086002420937,39,7.807869270145346
639,1.7418958565483862,0.6065093529207441,42,16.33637957693594
640,1.6424721286947959,0.9744877170788476,55,2.3076878467283315
641,2.301568079822023,0.8425910617442915,50,0.1320152104384604
642,2.290224292527135,0.8769679465515083,49,7.634798129475086
643,2.1953559008083494,0.6038275218059005,48,1.9422438983284147
644,2.2065705144500583,0.528734402717155,43,6.06153884323883
645,2.0284240474637154,0.995217643306425,46,2.2790253603919104
646,1.9618213152061885,0.730861517971677,51,6.63341260936142
647,1.5375473416838397,0.8522619772897495,50,5.559110956469658
648,2.2546803879866917,0.8701536882946967,49,5.117429501477133
649,2.6452552154413502,0.8373292137389106,43,3.9586455086977734
650,2.452591364609237,0.8793003193168176,47,0.24688094401400712
651,2.506462380733963,0.6302119110700874,64,0.02742580817033019
652,0.9190377796595319,0.5592953547160663,55,2.6592871725449996
653,1.8218627419194775,0.7578427119075567,59,0.17392431403318157
654,2.009110821789454,0.9549161838566469,52,2.2878877480606783
655,2.0765840881904096,0.531947355668291,56,1.3406937345702237
656,2.1636597146947487,0.584886445460153,71,0.9808629609459613
657,1.8556723343239787,0.6638098578281466,54,3.711163656743887
658,1.5467339881693865,0.95421364306259,53,1.6008515509610108
659,1.4617355056110681,0.5109588955886926,49,8.344607171449347
660,1.9807767701925925,0.6994130690268734,55,11.448556844706829
661,1.7548129505323322,0.8325094840701028,44,2.492296405875811
662,2.1815696319921822,0.6607737749604601,50,0.09237139568842519
663,3.0679671370799744,0.765135678198049,52,1.9599878869938823
664,1.841554795083067,0.6762965855813177,50,38.462466740982904
665,1.7564320204030313,0.7507212085978825,48,5.467401873319048
666,2.834020723765182,0.6213510634473465,55,6.881548938514371
667,1.7052709112666635,0.7195887044730276,36,6.148107971043157
668,2.3844602106141664,0.8725191223417582,45,12.965108301354718
669,2.827790334384842,0.7262928975895757,45,5.766667098808619
670,1.3819020818236942,0.5841915673078115,50,3.7078290137129937
671,1.8869859087524405,0.7222372913146959,55,8.520128189227067
672,1.1020845561815777,0.8971768920259848,56,3.6231536992487245
673,2.1719496040819215,0.7559694775256698,47,3.2071712097348204
674,3.1845916936534313,0.5190545175632411,45,7.217772256703881
675,1.7831885501051636,0.730224722353684,51,7.911875741866701
676,2.3562976253405714,0.988301462616617,45,1.371338200104779
677,2.1266545231759353,0.770826854838627,40,6.226820585790962
678,1.674189597841256,0.6527353731021396,47,2.383553993776606
679,2.116442404909147,0.8053060873777562,49,2.9165078071192885
680,2.229947404924879,0.8711947771432906,59,9.13350522035635
681,2.1997949257394884,0.728854301311955,53,15.997800012970194
682,2.1383309347350847,0.5999611090767614,54,14.823492447798285
683,1.8970957570155083,0.9920471346681544,45,6.838429517314725
684,1.576819228217953,0.8692931878117875,40,1.4878682934830159
685,1.4054848726592892,0.5164569532366821,46,3.797007372534407
686,1.7740214215838033,0.9479555701201374,54,3.156822986180531
687,2.0039319956941153,0.8447484290626761,53,5.702495085657543
688,2.9016882345220294,0.5654626391233706,41,1.9455900802465573
689,2.0196009476018277,0.7218382867944187,50,3.7872890179134893
690,2.241353302917381,0.8621164017612877,45,1.2796155411065582
691,2.451757621553832,0.7104728738043653,41,1.0509682533252573
692,2.1463979661862647,0.7346203444611208,55,2.211286529837178
693,1.7712277430540582,0.8454907221934602,49,8.045754879747282
694,2.346802693436929,0.5290607022940448,43,6.917590192005165
695,2.507154508903162,0.6541639103066275,60,1.7708670240202882
696,1.8400486706172499,0.8834310138436257,53,4.22663350323828
697,2.345374556783011,0.587468796662415,59,7.559194687676053
698,1.5388696093878478,0.7762337330475173,51,4.576515577944475
699,2.249346865917185,0.8285380491933638,57,3.5529335414853964
700,1.9063459845195243,0.6673128088098135,55,0.6162223319522541
701,2.3311458138839676,0.8737436211758407,45,3.675810477913118
702,1.882579206295704,0.8223781970054986,50,13.14283679558363
703,1.7326561388902175,0.9339365970080435,55,8.313288129649305
704,1.9459903277555786,0.7525612222923472,49,4.2768577530262215
705,2.192608855926288,0.555480869632424,38,0.664919474409535
706,2.0288685195169274,0.6942906503430804,53,0.11683122437825677
707,1.961241237460968,0.6044892612039943,49,0.7683858652967515
708,0.9798887164249674,0.9584896770642457,49,9.697630939395445
709,1.4402485464162025,0.7961834387356951,54,2.546801719219828
710,1.7773412052431923,0.5645414546931175,54,1.1715156774545816
711,1.8326653000721285,0.9453950729743086,47,1.5215679840995031
712,1.7297155217011748,0.9149388471079307,43,5.267018102396088
713,3.343347314048655,0.867415742119207,43,10.688954701766278
714,1.5096895438362408,0.9988685143595114,42,2.918445374174064
715,2.51874667247031,0.8759189208063001,54,5.4146958734554
716,1.657004310860376,0.5074951169161535,54,1.7042084726259819
717,1.9267321868929317,0.7744041354123767,47,4.8276813164445675
718,1.3232906685964978,0.7169402122364672,46,5.183943118827843
719,2.266460407734544,0.8024473462360302,54,0.974695216863639
720,1.5760995581822925,0.9356334165208529,59,7.564700906784574
721,2.3873218428551612,0.6777029236164638,43,0.035517813439458944
722,2.391219235425565,0.928891305403704,49,13.956589859950462
723,1.8585748777969755,0.6442185451689039,56,6.492718962707096
724,2.094526010591694,0.9102529887669388,52,5.133053775809869
725,2.509919667640802,0.936059302722031,54,12.90403766039259
726,2.2450177257032435,0.6635285204970197,44,5.591552149053546
727,2.2237476668647878,0.5327150096961439,50,4.724128920936556
728,2.1734751231728042,0.9985622362297223,42,5.5926315128782065
729,1.8877430720491013,0.8690262945070262,54,4.175772357061292
730,1.4735369107997043,0.7125661143431015,48,12.189013960802304
731,2.7193786660604005,0.6730244997252839,48,2.6744531724947556
732,2.441214502095177,0.6659097814770444,48,4.445470527737246
733,1.5148245911209455,0.9446523581361091,53,6.669818125287515
734,1.6026851702057492,0.5563949451123086,50,7.578663390250976
735,3.3455200111547576,0.9449358376503056,52,8.632558601987494
736,2.6938011090466234,0.8695026278187483,48,2.8245730780035
737,1.963630427247462,0.7321226358809801,55,5.579580501090337
738,1.3290768915160764,0.8564700263513787,35,1.772335590537928
739,1.3346738508861449,0.5931760403142203,55,9.50733783147655
740,1.5989548198812444,0.6345131009645875,54,5.991421123061156
741,1.6875445758245584,0.9443953027390237,51,1.0224157751794387
742,1.650311511446441,0.7117154920583111,41,7.899896639680667
743,2.389132105904053,0.9126762190434308,55,6.097707108614571
744,2.4350480738766085,0.6087483087191781,51,2.266500755237665
745,1.4326519794139894,0.6084093259542549,44,5.349271820224195
746,2.6286801299604514,0.6097043022291754,51,12.353331225804567
747,3.0427844475855568,0.5453745412671135,69,6.123182934073238
748,2.469064208192022,0.7724728485741683,49,14.544032847237343
749,2.278134402316212,0.6107168692895966,58,7.201740643892833
750,2.1222158766475996,0.9581707482499844,56,0.9543453895731481
751,1.343157498122337,0.5084996139793498,48,5.972389569237993
752,1.5439051215817112,0.582650348647635,46,6.240511259749284
753,1.610844436237624,0.5444324107334653,51,11.174611762752475
754,2.022038568653507,0.8697605771758601,47,6.7793156032050135
755,1.5186719180608725,0.5075875417939874,52,26.34276598091915
756,2.103110591857949,0.9003649085126179,49,5.196287213642579
757,1.75315230948379,0.9648350475361804,44,8.135215779837822
758,1.7008748478695415,0.9521393721918355,48,0.42510029373064945
759,1.4621133137160722,0.5978123476942154,48,5.0944020662614395
760,1.8815599169054646,0.5429306528828085,49,0.4946210536795169
761,2.042339330531267,0.7293439009312084,43,3.0972018524345217
762,1.8608557873645206,0.8308924745945978,54,4.4732914124226255
763,2.286416785768005,0.9409269164993908,65,1.7849292570777786
764,1.8732956924936788,0.5046090878539803,41,10.506605112414185
765,1.5979760199536255,0.5174741680571378,46,0.14595734485221662
766,2.8041099808785472,0.9534573476499071,52,6.122128301092511
767,1.3872804129117773,0.8500507744532527,40,20.383163269838562
768,1.2917675927994527,0.6495007753705146,50,0.5929356322697811
769,2.384367926700886,0.7079528997507046,47,16.467905222695347
770,1.3074047025580886,0.9576486062564258,54,1.0186261919607629
771,1.2836268457227116,0.6397287491949897,52,4.858895348613139
772,2.7111440358677097,0.8820973761606571,55,9.370346353935533
773,2.15150561219274,0.9350767580675698,52,3.6854100035016826
774,2.4103929962551107,0.6293202422455373,57,4.38538721163075
775,1.7214485110812154,0.7449873721612397,52,9.392856220562383
776,1.4869216603131772,0.843785473690629,47,7.635566852322522
777,1.8912685987533617,0.528624945415784,54,4.404347745282773
778,3.5651508919678263,0.8095930548435081,45,0.2929008183264158
779,1.747882325881219,0.8164823230468492,58,14.277353047686034
780,1.5374679880909596,0.9675573307158067,56,10.855143285506148
781,2.656907876710724,0.7055230352548167,45,6.202546624607645
782,1.4256536479842543,0.9215712380023968,43,0.4440840774283329
783,2.863424963858704,0.7272590447713019,55,8.20972190866145
784,2.149660095101442,0.6325749861569436,47,7.6912673261415785
785,1.9950546869822567,0.6701282258994699,44,3.0570741927557283
786,3.1614078613540473,0.6212419803659516,46,0.7214939259190128
787,2.5380525155673834,0.6486413089283103,54,11.782358925009719
788,2.2529524615465646,0.544050204011878,54,1.7798454258739906
789,1.0551334632301956,0.8756131576098574,37,8.145993576009671
790,2.547829766354744,0.7425221064578542,46,0.4476897044418599
791,1.5005235295316823,0.6196530099106858,42,2.8813533192054672
792,3.548807672666054,0.5900977353044675,72,13.370964049720548
793,1.5188905936747752,0.9160918982942153,58,4.2042165604653405
794,2.3609643156241464,0.7310006640037232,60,1.8214013151563313
795,1.8600526643089739,0.9887420307120132,55,3.597168607147943
796,1.123667864575438,0.8103015118176622,46,4.671197234293296
797,2.4450125229154542,0.7204089837349401,45,0.14106446210855564
798,2.4439671914665757,0.6227253657645235,58,6.395190883688945
799,1.7203893055423793,0.7560930233676679,63,2.4466842904205737
800,2.455257818675297,0.6082157255768097,45,12.47062194399092
801,2.3175580122258017,0.9864045335026849,45,3.5806279275894997
802,1.791286052925109,0.9232282468481554,58,0.6424379997124954
803,2.2380466326268422,0.9113114695875627,46,17.594864113308226
804,2.1240770150331283,0.5970037854459822,46,3.4298516414707416
805,2.2409055549505386,0.686528792217763,67,1.1248011712821613
806,1.7024239594517647,0.7921015738389068,47,1.0832736384681607
807,2.1265952248115054,0.8178196054414228,63,3.32603808861617
808,2.2975179952740996,0.5497826414716606,50,1.493556573690825
809,1.2945273812659843,0.9705744986121956,39,4.450920797597247
810,1.4578688613415243,0.5751694036855306,52,0.07647014661784003
811,1.9864274684581404,0.8960225777874675,62,4.146974369850905
812,1.6341970506447536,0.8908492808653355,49,8.565036869902979
813,1.5594782981203614,0.8867623113492027,50,25.266115614860713
814,1.7939539056493334,0.7043717060843114,50,4.097905288764894
815,2.0153166290228683,0.5169549998581497,60,5.250125699735328
816,2.403700299680405,0.7098225224028276,46,4.127293106913148
817,1.758392222788794,0.7525224758819158,49,27.946450519060093
818,1.7624189166120554,0.8253446796556902,57,0.3509148330471598
819,1.30256215779872,0.9117154058053347,46,13.180264264680519
820,1.3729188078632002,0.6279165941233664,51,2.165418089113564
821,1.2970387771478067,0.9705037279896359,43,0.2485973715719919
822,2.6300864950169887,0.5950793358131077,50,1.870651338568961
823,2.431138326327303,0.6499183019758326,46,1.4028838518579214
824,2.748702834401012,0.9542611601545432,51,4.020721862726328
825,1.7641628644531422,0.5856612818514438,38,2.880258874388995
826,2.1053170333624056,0.9154294404428818,48,9.827680943711375
827,1.991763836770231,0.5505245535651193,64,2.3847189421662667
828,1.9447864710270015,0.5774365700119874,45,5.542543190201018
829,2.19458006319708,0.5270190758255169,54,3.274930190551479
830,1.3184701914601096,0.8824154871561749,56,7.693459237145412
831,2.9916026955545028,0.6714128775583104,47,5.607796298728265
832,1.7023347461179852,0.6543090407787031,62,1.4365944223684592
833,2.074839263971686,0.8708953890205791,42,11.282443390969618
834,1.2419627571786997,0.7540918737244755,74,3.8700742916701247
835,1.543506543719664,0.6227335245612191,43,1.13856166049467
836,1.8679761794462015,0.9849932076467323,53,5.853723511736061
837,1.9923038567862874,0.9739812748662222,41,3.207260594755553
838,2.7601181417967218,0.9820576398411176,52,3.823905889382058
839,1.7907339272078453,0.991440875405665,58,0.24775393808416402
840,1.9215140388807344,0.7031203503607077,70,11.125932849609024
841,2.6161107412112106,0.8002991683077662,53,2.079974150306272
842,1.8398091945377126,0.5705859399781301,45,4.334541873691526
843,2.1875329593211674,0.8959166413309939,52,6.994406862593766
844,2.6275693643602827,0.6224913148936071,54,2.048005419178046
845,1.6524325466409944,0.8250962994729758,42,13.481127330681277
846,3.053022894089482,0.641908503477695,52,5.724175288893127
847,2.6963193298672774,0.7051980493384173,49,4.00492950775199
848,1.3132785806046536,0.9789645834902012,49,1.9228763580020138
849,1.64698549188632,0.9846924608018413,49,5.683628445466699
850,1.5017944658066447,0.5680534727174333,47,7.9649548061876505
851,0.7518491969040217,0.9507603014909177,56,6.534461064979701
852,1.4659465067411128,0.6852793061391672,59,18.510843888419647
853,2.5182744144032987,0.9749449813936298,41,1.32541018527372
854,2.7313042293713763,0.6262755365188424,50,13.790627773856157
855,2.4578318062416638,0.9361285189819821,53,4.245498593980056
856,2.2157854475820704,0.5220691724521191,46,6.431147131709661
857,0.9312673128899063,0.580481007164837,38,11.673115241695381
858,2.0341957623486064,0.9308854360131834,60,4.912842931155313
859,2.3193109550612836,0.8423024072250691,58,6.112415951889232
860,2.3122106421295165,0.8336187794463173,62,0.9412622934811748
861,2.032166128519216,0.5365739139259125,49,1.9123198388852247
862,1.758193299674002,0.8414693800019795,52,3.520637727450788
863,2.110944093037137,0.957608143369818,47,0.9593502159682927
864,2.503340233270399,0.6034093377739995,52,4.664439604599021
865,2.629892816154122,0.8979379256309077,58,5.90246925854056
866,3.2378724954154485,0.9112996993506828,49,2.1829387275709173
867,1.400292197496197,0.9101291838412371,55,3.597972435416144
868,1.473776868237683,0.9437042616866156,47,1.6211749274943619
869,2.461409491989624,0.9483265757916768,46,1.646756318873942
870,1.455924010646494,0.8180150060564091,57,0.4297192930153085
871,1.9308677778344148,0.6475528754680744,55,0.21711256480289648
872,1.057412555792998,0.900779635765967,55,1.12950185615667
873,2.2855366223628,0.791000377971907,58,7.6426867267308385
874,2.2507968453617457,0.9864438254534913,39,21.208370286239845
875,1.5205097181193137,0.9734981857076915,42,14.350915406776215
876,1.5597742545156423,0.6845608925222024,53,2.2393312291331973
877,1.4552763055314126,0.5892814068749646,60,6.977741655163827
878,0.8698668234393498,0.705500913510124,53,6.139084862132017
879,2.557223766383002,0.7291578670503847,55,16.780928489562847
880,1.9290916170812011,0.5086575717415438,44,3.1633640361652784
881,2.741429342193552,0.9552816729586595,44,1.790133921167585
882,1.242706847163058,0.5259594472661909,50,12.907999116066344
883,1.7597039252684452,0.5412937817831539,53,0.44575355323350857
884,1.259578534215508,0.8369776702391365,42,1.7230752671948255
885,1.4112063581892178,0.5037578955904674,53,3.4835139799843446
886,2.2015092632233557,0.6948078994322404,59,9.511272414360088
887,1.602169200325925,0.5612616004904425,56,4.2815802379108145
888,2.1150396727243037,0.6070659237875771,56,11.353498876585164
889,1.9698196395753091,0.6703974858985093,44,5.006863996971163
890,1.566713247816355,0.8911819831053431,42,0.20044621284151024
891,2.0836870047440113,0.9748478624434558,45,14.465343275158173
892,2.118163549957144,0.9042632113062281,56,19.17446272082834
893,3.2045118863540925,0.9596637580656453,57,0.5167943837540316
894,1.7634162194976715,0.7541650459592273,55,0.2411892498674854
895,1.8490374736880806,0.6907516150302567,53,0.9655757990330972
896,1.873330673399993,0.9840595897173392,55,3.535222787804732
897,0.9792660524250432,0.5372233833206299,46,12.85168633595539
898,2.0806187208198526,0.7540257907635717,48,8.804924616486511
899,3.0492346648775355,0.8975748674446198,48,0.7244978464251149
900,2.7316911668383033,0.5493084600524956,46,4.538914185369949
901,1.6018678152966896,0.5259361521966214,43,13.766933907955048
902,1.2938933763663338,0.8596320413250351,51,6.181243048964209
903,1.8756567705665113,0.7008450233458513,44,2.39203169065615
904,2.573672224669394,0.8699241881725257,62,5.994646271665298
905,2.226791527345022,0.8310474085908992,38,5.142035862752044
906,3.1189932987117457,0.5077810821524942,52,0.4305283539538526
907,2.2167172334624348,0.5965934269473292,48,2.938207920021884
908,2.8379568736165863,0.5822863498073709,51,6.552168291287947
909,1.4219475095519702,0.5446658128009683,49,1.6721105445185394
910,2.204668000527451,0.929742581395494,51,4.567400681498817
911,2.3800745146102997,0.6473179072956077,48,5.800595787831698
912,1.6584773509501305,0.7670399905131746,44,3.1795730411156278
913,1.4915424859042226,0.9258261378016068,58,2.6359658030152304
914,1.7357019106445488,0.6782163596490607,58,5.491490101033575
915,1.3747701392370333,0.5468971295897479,50,4.51183895754756
916,2.2865012757822676,0.847146113688845,53,12.251888340244587
917,2.89760910610421,0.7994962647562855,56,3.51875716083812
918,1.668838625259045,0.8320444885175164,54,1.7388612528931569
919,2.3730443748030305,0.625727694160749,42,7.785792042038693
920,1.5660837210507204,0.7932910362758143,62,3.4137204067832942
921,1.7512910158976611,0.5492507579867336,54,1.5935374103227165
922,2.1956169835161767,0.8623157685169538,38,1.3867823705230664
923,1.4677212825230859,0.8366491049040168,57,2.358492894102004
924,1.96198085826085,0.5622788816750602,60,2.7944546470840543
925,2.204514267372141,0.9976617922754444,44,3.672717748061967
926,1.9104592581481363,0.7782249052108512,49,1.63306348893876
927,1.7311311375342715,0.7963885525552421,52,3.2141992856215493
928,2.7630441938042556,0.671935442349248,48,4.503594121453943
929,2.5398205324007934,0.8420283931171022,47,11.71736897393525
930,1.7648109579091,0.9262523514978753,67,10.407700892935086
931,1.9111469424513512,0.9863872358517418,42,8.435764761590306
932,2.0144532714810075,0.6212542071476823,52,19.11322125727629
933,2.0768961405686066,0.6213032479123166,57,0.24889948564166706
934,1.3628822409353532,0.7183725083208343,38,0.9559900121620256
935,1.6324144765703965,0.8269418166962987,54,6.020486233537801
936,1.9887506155537569,0.5751331922531866,55,2.978231753713747
937,2.3622364263576,0.8290818451351344,49,5.861841878217119
938,1.5703893979907266,0.6651425689728908,62,2.2787484301455962
939,2.167492744702886,0.6686788877414005,61,5.855454014070047
940,2.2651557397943693,0.5845797967001829,50,0.344369775108864
941,1.9249078758229237,0.5270411318227175,53,2.1361951259281344
942,1.3976444911145443,0.7366789654889743,51,3.804020509502844
943,1.9154565306636375,0.66862816833284,47,22.459433881628215
944,1.9982944870487676,0.7455891873958594,48,3.364442312071315
945,1.8784383802072009,0.5462849211796412,40,15.590365905253238
946,2.3232445226655942,0.869584744461613,43,12.077066172120926
947,1.9478424848251414,0.843401788601446,54,2.4346487541016586
948,0.8584351997427588,0.9082506735103735,54,12.030955698854717
949,1.593309198784921,0.5868654926126851,42,0.9863273877433163
950,1.101434777658163,0.7812858810126606,51,2.158634399783356
951,2.2953537105513564,0.8224512790744176,37,21.780313026948065
952,2.2733887124483183,0.7465961364099505,63,10.845645069297863
953,2.239215795744859,0.5891666328674128,53,9.93756575753028
954,2.435966537169853,0.5029937627924086,48,22.31051210522945
955,2.725184740436221,0.6152510215029036,41,0.3454758990191582
956,1.4798627164934173,0.9281068520371785,55,4.774235299938533
957,1.5774142871354497,0.7959331184785148,56,7.949174104695018
958,2.1992764265545306,0.6390104219964445,52,0.36250395329997376
959,1.950798228528807,0.9834493370994811,43,1.3728269802582669
960,2.0374886809686696,0.6695125691137072,43,1.8393967406439615
961,2.203904476237969,0.8766586439982532,42,2.9098503432594507
962,1.8683129984465396,0.5261805378309665,58,1.5950586997059555
963,1.4669797759130083,0.9017232741395962,50,10.449662623728752
964,2.0490580863387517,0.9397435929616769,36,0.07744581084547993
965,1.6956270484574252,0.5637875299146526,51,2.922902961451528
966,2.0148128976041337,0.7623763760171012,53,10.656437863261278
967,1.351569623552126,0.7428617825605339,44,0.6793238627866023
968,1.281814327781952,0.7589923140653109,59,1.5977039716894994
969,1.9562617795538058,0.795549168628189,52,1.5714271706242386
970,2.9818331481012104,0.905977288367209,42,3.7659273635422204
971,1.9388023693088854,0.972284454447889,42,2.797149512178157
972,1.4161761062037819,0.7446012397210828,46,3.590395395405934
973,2.848163117572578,0.8258370925019056,40,5.919342184149242
974,1.6354931186837955,0.7860075810406735,43,5.482210433510036
975,1.8676914534294116,0.6820588618684367,53,8.270811034849586
976,1.0459648679779818,0.5018344685545864,51,1.2810077299518932
977,1.5293310011070709,0.8454895482302023,49,8.127391780549763
978,1.3994974088456424,0.5993664589559692,52,1.5043852373557582
979,2.3578246321366643,0.5184190280411565,47,3.030320125551724
980,2.0613739814555654,0.5520071595945572,35,4.704563346001358
981,0.9649073503295267,0.8655822509304655,62,6.010598485994843
982,1.4914237363189278,0.6626441902623369,44,2.5983189227790318
983,1.702803991699499,0.6556583671248951,39,4.647040115961861
984,2.1780144890900024,0.9452340930665701,55,2.735497774339024
985,1.6212943868312975,0.7766804845853315,46,2.13822910682366
986,2.2646507108465697,0.974096164280004,49,6.947821935583365
987,1.8289491129775275,0.7348013788237155,45,6.905945787840161
988,1.980503010694651,0.8264359821008388,58,6.0054996390611635
989,2.23242585505092,0.8445297637309209,54,10.142993137900053
990,1.793738597605722,0.7529329012701185,43,0.26352334304995195
991,2.609501834423365,0.6698333746506044,43,6.107355229001837
992,1.6365179302319008,0.7373183482637322,64,7.962405545412469
993,1.6819071663249667,0.603811837108449,48,8.205577534197648
994,2.1254814416235175,0.8655601473552974,47,0.5618621280582771
995,1.6687914263880168,0.8386838419887144,52,3.4968312678549722
996,1.8172722326681443,0.9185437157369853,42,3.899506884875415
997,1.8621420277868304,0.6121592388446442,53,0.8294251839595861
998,1.501861450513019,0.576110580428157,56,0.5362159247491418
999,1.646344770354897,0.5666106439453031,61,0.6566376836142062
